time,open,high,low,close,Volume
1577836800,100.0000,100.1921,100.0000,100.0000,1008.2656
1577923200,100.0000,100.3462,100.0000,100.2865,1563.4280
1578009600,100.2865,101.7926,100.0859,101.5920,1558.7808
1578096000,101.5920,102.3904,101.5230,102.3214,1593.3619
1578182400,102.3214,102.3450,101.9177,101.9413,1579.9766
1578268800,101.9413,102.8986,101.8785,102.8358,1587.5217
1578355200,102.8358,104.3627,102.4846,104.0115,1565.5669
1578441600,104.0115,104.8864,103.6377,104.5126,1569.3279
1578528000,104.5126,105.2938,104.5001,105.2813,1571.0080
1578614400,105.2813,105.6700,105.2525,105.6412,1588.7660
1578700800,105.6412,107.1195,105.4474,106.9258,1589.3829
1578787200,106.9258,107.7023,106.7735,107.5501,1561.1059
1578873600,107.5501,108.0147,107.4902,107.9548,1597.8422
1578960000,107.9548,109.0024,107.9501,108.9977,1556.7980
1579046400,108.9977,109.4777,108.9412,109.4212,1595.5713
1579132800,109.4212,109.7544,109.2712,109.6044,1555.7850
1579219200,109.6044,110.5747,109.3183,110.5747,1563.9922
1579305600,110.5747,110.5747,109.2028,109.5760,1586.9206
1579392000,109.5760,109.7850,109.3748,109.5839,1553.5713
1579478400,109.5839,109.6665,108.5136,108.5962,1565.2750
1579564800,108.5962,108.6489,107.8413,107.8941,1567.0896
1579651200,107.8941,108.2428,106.7133,107.0620,1556.8596
1579737600,107.0620,107.2928,106.8629,107.0937,1580.1089
1579824000,107.0937,107.2669,105.7713,105.9444,1587.1634
1579910400,105.9444,106.0070,105.1298,105.1924,1588.3254
1579996800,105.1924,105.2656,104.4930,104.5663,1561.5628
1580083200,104.5663,104.6175,104.0395,104.0395,1571.1392
1580169600,104.0395,104.9174,104.0395,104.8840,1606.5124
1580256000,104.8840,105.7254,104.7726,105.6139,1606.3319
1580342400,105.6139,106.3944,105.5529,106.3334,1602.1548
1580428800,106.3334,107.8537,106.1419,107.6622,1641.0930
1580515200,107.6622,107.8677,107.2522,107.4578,1638.4915
1580601600,107.4578,108.1337,107.4566,108.1326,1632.9600
1580688000,108.1326,109.2045,107.6650,108.7369,1619.9752
1580774400,108.7369,110.0047,108.6968,109.9646,1618.6225
1580860800,109.9646,111.1201,109.7066,110.8622,1620.5794
1580947200,110.8622,111.1441,110.8457,111.1276,1620.9205
1581033600,111.1276,111.6836,111.0231,111.5791,1615.8202
1581120000,111.5791,112.3079,111.5689,112.2976,1600.6798
1581206400,112.2976,113.5723,112.2670,113.5416,1600.3753
1581292800,113.5416,114.4282,113.4013,114.2879,1641.7046
1581379200,114.2879,115.0062,114.2104,114.9287,1618.1936
1581465600,114.9287,115.3598,114.7754,115.2065,1641.7524
1581552000,115.2065,116.3624,115.0867,116.2426,1602.2709
1581638400,116.2426,117.1093,116.0472,116.9139,1621.8129
1581724800,116.9139,117.7295,116.8480,117.6636,1604.4779
1581811200,117.6636,118.6630,117.6120,118.6115,1606.7513
1581897600,118.6115,119.1729,118.5297,119.0911,1595.5948
1581984000,119.0911,120.0235,119.0356,119.9680,1600.0397
1582070400,119.9680,120.6292,119.7996,120.4608,1639.9345
1582156800,120.4608,121.1494,120.1311,121.1494,1610.1687
1582243200,121.1494,121.1494,120.9078,120.9682,1370.7794
1582329600,120.9682,121.1493,119.4496,119.8079,1363.6236
1582416000,119.8079,120.0781,119.5388,119.8090,1360.3955
1582502400,119.8090,120.0545,119.1008,119.3463,1366.9672
1582588800,119.3463,119.5074,118.7160,118.8772,1349.7349
1582675200,118.8772,119.0067,118.4701,118.5996,1389.8031
1582761600,118.5996,119.0989,118.3292,118.8284,1381.2883
1582848000,118.8284,119.3620,117.0365,117.5701,1377.4536
1582934400,117.5701,117.9198,117.4723,117.8219,1363.8109
1583020800,117.8219,118.2576,116.0234,116.4591,1348.0168
1583107200,116.4591,116.6142,116.3808,116.5359,1386.4062
1583193600,116.5359,116.6366,116.2059,116.3066,1357.4423
1583280000,116.3066,116.3903,115.9669,116.0506,1342.8782
1583366400,116.0506,116.3316,115.4062,115.6872,1357.4931
1583452800,115.6872,115.7407,115.2548,115.3083,1380.0958
1583539200,115.3083,115.3262,114.6142,114.6142,1371.5083
1583625600,114.6142,115.1242,114.6142,115.1087,1588.3071
1583712000,115.1087,116.3873,114.9664,116.2449,1590.4470
1583798400,116.2449,116.5901,116.1829,116.5281,1561.3630
1583884800,116.5281,116.9189,116.4078,116.7987,1596.9544
1583971200,116.7987,117.6347,116.6747,117.5108,1572.6647
1584057600,117.5108,118.4103,117.3492,118.2487,1582.7159
1584144000,118.2487,119.7128,117.9555,119.4196,1550.8807
1584230400,119.4196,120.1275,119.2450,119.9528,1600.4336
1584316800,119.9528,120.9708,119.7931,120.8111,1564.8100
1584403200,120.8111,121.3100,120.5706,121.0696,1553.8684
1584489600,121.0696,121.9758,121.0352,121.9414,1573.6783
1584576000,121.9414,123.0231,121.6887,122.7705,1557.2167
1584662400,122.7705,123.1745,122.6908,123.0948,1558.3816
1584748800,123.0948,124.2934,122.8329,124.0315,1582.3794
1584835200,124.0315,124.3134,124.0079,124.2897,1570.4116
1584921600,124.2897,125.1889,124.2432,125.1889,1596.8578
1585008000,125.1889,125.1889,124.2236,124.5053,1471.1260
1585094400,124.5053,124.5704,123.6009,123.6660,1491.4772
1585180800,123.6660,123.8950,123.4966,123.7256,1478.2231
1585267200,123.7256,123.8064,122.7544,122.8351,1488.1657
1585353600,122.8351,122.9165,122.3810,122.4624,1485.1529
1585440000,122.4624,122.7442,121.8029,122.0848,1478.8073
1585526400,122.0848,122.1995,121.4115,121.5263,1502.6712
1585612800,121.5263,121.6232,120.9619,121.0588,1472.3038
1585699200,121.0588,121.2654,120.0310,120.2376,1464.0299
1585785600,120.2376,120.6686,119.1435,119.5745,1489.0729
1585872000,119.5745,119.7161,119.0104,119.1520,1497.4685
1585958400,119.1520,119.4556,117.7235,118.0271,1457.1808
1586044800,118.0271,118.1758,117.4186,117.5673,1477.6498
1586131200,117.5673,117.6119,117.0213,117.0659,1499.7925
1586217600,117.0659,117.0982,116.6046,116.6369,1492.6491
1586304000,116.6369,116.6825,116.5480,116.5936,1504.7585
1586390400,116.5936,116.6223,115.5489,115.5775,1481.7388
1586476800,115.5775,115.6141,115.1845,115.2211,1488.1679
1586563200,115.2211,115.4027,114.8111,114.8111,1470.2922
1586649600,114.8111,115.2425,114.8111,115.1152,1407.7182
1586736000,115.1152,116.0607,114.9960,115.9414,1378.6582
1586822400,115.9414,116.0107,115.7029,115.7722,1397.2670
1586908800,115.7722,116.5669,115.6720,116.4668,1380.4985
1586995200,116.4668,116.6845,116.4134,116.6311,1388.4324
1587081600,116.6311,117.6498,116.2648,117.2835,1396.3306
1587168000,117.2835,118.1561,117.2678,118.1405,1385.7882
1587254400,118.1405,118.1957,117.5933,117.6485,1405.6958
1587340800,117.6485,118.9948,117.5129,118.8592,1381.3065
1587427200,118.8592,119.4066,118.6734,119.2208,1392.6950
1587513600,119.2208,119.5777,118.9968,119.3537,1377.4596
1587600000,119.3537,120.0000,119.1937,120.0000,1380.7493
1587686400,120.0000,120.0000,119.4670,119.4798,1477.1707
1587772800,119.4798,119.5399,118.6568,118.7170,1461.4585
1587859200,118.7170,118.7262,118.4360,118.4452,1459.7543
1587945600,118.4452,118.5830,117.6853,117.8231,1488.5426
1588032000,117.8231,118.0077,117.6610,117.8456,1487.9440
1588118400,117.8456,117.9787,116.5035,116.6366,1488.3136
1588204800,116.6366,116.6654,115.7794,115.8081,1456.1565
1588291200,115.8081,115.9257,115.5774,115.6949,1471.4955
1588377600,115.6949,115.7936,115.0647,115.1634,1465.0586
1588464000,115.1634,115.1972,114.9935,115.0273,1494.0757
1588550400,115.0273,115.2880,114.0318,114.2924,1498.1997
1588636800,114.2924,114.3047,113.5618,113.5741,1467.5022
1588723200,113.5741,113.6212,113.3790,113.4262,1488.5606
1588809600,113.4262,113.5881,111.7633,111.9252,1461.6363
1588896000,111.9252,111.9594,111.5425,111.5767,1468.9258
1588982400,111.5767,111.8385,110.6653,110.9272,1462.1009
1589068800,110.9272,111.1677,110.3337,110.5742,1469.3442
1589155200,110.5742,110.7989,109.6223,109.6728,1488.9050
1589241600,109.6728,109.7182,109.6222,109.6222,1500.6845
1589328000,109.6222,110.3205,109.6222,110.2551,1604.2182
1589414400,110.2551,110.9523,109.8213,110.5185,1621.1960
1589500800,110.5185,111.6034,110.3104,111.3953,1629.1616
1589587200,111.3953,112.6396,111.3424,112.5867,1641.7382
1589673600,112.5867,113.6814,112.3937,113.4884,1624.5951
1589760000,113.4884,114.7470,113.3599,114.6185,1606.8474
1589846400,114.6185,116.0210,114.2589,115.6615,1625.3660
1589932800,115.6615,115.8733,115.2628,115.4746,1610.1166
1590019200,115.4746,115.8329,115.3239,115.6821,1642.8985
1590105600,115.6821,116.0261,115.6397,115.9837,1614.0759
1590192000,115.9837,117.8506,115.6937,117.5606,1628.3635
1590278400,117.5606,118.1045,117.3405,117.8844,1595.2535
1590364800,117.8844,118.7853,117.8396,118.7405,1614.0952
1590451200,118.7405,119.7104,118.4126,119.3826,1637.8475
1590537600,119.3826,120.5625,119.0852,120.2651,1624.6035
1590624000,120.2651,121.6431,120.0345,121.4125,1616.2892
1590710400,121.4125,121.8744,121.3362,121.7982,1640.8890
1590796800,121.7982,122.4912,121.7045,122.3974,1636.7913
1590883200,122.3974,122.9409,122.2512,122.7946,1610.2029
1590969600,122.7946,123.3210,122.7511,123.2775,1621.3195
1591056000,123.2775,124.7377,122.9580,124.4182,1618.5833
1591142400,124.4182,125.3796,124.3254,125.2868,1625.7022
1591228800,125.2868,126.7319,125.1829,126.6556,1610.7976
1591315200,126.6556,126.7320,126.4262,126.7320,1606.3023
1591401600,126.7320,126.7320,126.2679,126.3809,1633.0718
1591488000,126.3809,126.4955,125.0278,125.1424,1633.6320
1591574400,125.1424,125.2398,124.0933,124.1907,1629.6044
1591660800,124.1907,124.3280,123.4275,123.5649,1636.3485
1591747200,123.5649,123.6455,122.8656,122.9463,1624.6878
1591833600,122.9463,123.5721,122.6429,123.2687,1625.6716
1591920000,123.2687,123.3656,121.4050,121.5018,1625.5678
1592006400,121.5018,121.6880,121.2083,121.3945,1611.4686
1592092800,121.3945,121.4368,120.0203,120.0626,1610.2609
1592179200,120.0626,120.3189,119.7619,120.0181,1599.4496
1592265600,120.0181,120.0985,119.0361,119.1164,1619.6792
1592352000,119.1164,119.2616,118.0713,118.2165,1601.9043
1592438400,118.2165,118.4474,117.3224,117.5533,1600.3287
1592524800,117.5533,117.6818,116.4988,116.6273,1616.7363
1592611200,116.6273,116.6708,116.1581,116.1581,1607.9374
1592697600,116.1581,116.8738,116.1581,116.7633,1651.7702
1592784000,116.7633,117.5161,116.5021,117.2549,1681.6301
1592870400,117.2549,118.0844,117.1756,118.0051,1683.8558
1592956800,118.0051,119.3020,117.9993,119.2962,1649.2123
1593043200,119.2962,120.6200,119.2478,120.5716,1641.2027
1593129600,120.5716,120.9412,120.4600,120.8297,1657.6338
1593216000,120.8297,121.5832,120.7449,121.4984,1680.7029
1593302400,121.4984,122.5090,121.4023,122.4130,1682.7860
1593388800,122.4130,123.6233,122.3389,123.5492,1647.7438
1593475200,123.5492,124.1723,123.3039,123.9270,1679.5441
1593561600,123.9270,124.6564,123.7397,124.4691,1646.6125
1593648000,124.4691,126.2186,124.0348,125.7843,1660.3305
1593734400,125.7843,126.5994,125.4943,126.3094,1690.7578
1593820800,126.3094,127.9358,125.8505,127.4769,1650.4569
1593907200,127.4769,127.8319,127.4040,127.7590,1648.5255
1593993600,127.7590,128.3698,127.4104,128.0212,1661.9673
1594080000,128.0212,128.7944,127.9653,128.7385,1671.8108
1594166400,128.7385,130.6459,128.6869,130.5943,1687.4724
1594252800,130.5943,131.4237,130.5601,131.3895,1689.8684
1594339200,131.3895,131.6738,131.1891,131.4734,1644.3094
1594425600,131.4734,132.2734,131.3690,132.1690,1647.7272
1594512000,132.1690,133.6965,132.0746,133.6021,1680.3642
1594598400,133.6021,133.8711,133.1774,133.4464,1654.3589
1594684800,133.4464,134.4177,133.3206,134.2919,1685.0698
1594771200,134.2919,135.9840,133.9224,135.6145,1674.0000
1594857600,135.6145,136.0408,135.5836,136.0099,1646.4196
1594944000,136.0099,136.9798,135.9492,136.9191,1682.4538
1595030400,136.9191,137.6566,136.8935,137.6311,1649.6451
1595116800,137.6311,138.6912,137.5203,138.5804,1662.0021
1595203200,138.5804,140.0461,138.2689,139.7346,1668.4366
1595289600,139.7346,140.0591,139.7050,140.0295,1665.8656
1595376000,140.0295,141.0680,139.9592,140.9977,1675.1355
1595462400,140.9977,141.3303,140.4642,140.7968,1673.4617
1595548800,140.7968,142.3177,140.7655,142.2863,1690.4294
1595635200,142.2863,143.0695,141.9861,142.7693,1690.7984
1595721600,142.7693,143.8419,142.5706,143.8419,1666.6503
1595808000,143.8419,143.8419,142.9795,143.0852,1371.9089
1595894400,143.0852,143.1426,142.7829,142.8404,1403.5411
1595980800,142.8404,143.0063,142.6840,142.8499,1415.9821
1596067200,142.8499,142.8818,141.5701,141.6021,1383.0652
1596153600,141.6021,141.8683,141.3838,141.6500,1390.2094
1596240000,141.6500,141.7083,140.9658,141.0241,1388.3878
1596326400,141.0241,141.3287,140.3353,140.6399,1369.7199
1596412800,140.6399,140.6814,140.6367,140.6782,1400.7621
1596499200,140.6782,140.8407,139.9079,140.0704,1384.8158
1596585600,140.0704,140.1320,139.8559,139.9175,1406.5221
1596672000,139.9175,139.9322,138.9252,138.9399,1408.7549
1596758400,138.9399,139.2469,137.9974,138.3044,1408.2104
1596844800,138.3044,138.5952,137.7429,138.0338,1387.9822
1596931200,138.0338,138.1205,137.6743,137.7611,1383.2262
1597017600,137.7611,137.8552,137.2027,137.2968,1404.5899
1597104000,137.2968,137.7584,135.9406,136.4022,1407.2184
1597190400,136.4022,136.5435,136.2433,136.3846,1391.7118
1597276800,136.3846,136.4336,135.9446,135.9936,1411.8005
1597363200,135.9936,136.5057,135.8651,136.3772,1374.3443
1597449600,136.3772,136.6142,135.4689,135.7060,1411.1023
1597536000,135.7060,135.8564,134.1321,134.2826,1371.9537
1597622400,134.2826,134.3454,133.9828,134.0457,1374.8252
1597708800,134.0457,134.4745,133.2681,133.2681,1393.8409
1597795200,133.2681,133.3437,133.2680,133.2680,1370.5248
1597881600,133.2680,134.1643,133.2680,134.0945,1596.7324
1597968000,134.0945,135.1580,134.0645,135.1279,1594.1180
1598054400,135.1279,135.2913,134.9809,135.1442,1615.9079
1598140800,135.1442,135.9966,135.0317,135.8841,1632.8233
1598227200,135.8841,136.2848,135.6588,136.0595,1595.8340
1598313600,136.0595,137.5807,135.9657,137.4869,1626.7050
1598400000,137.4869,137.9543,137.4085,137.8759,1635.2484
1598486400,137.8759,138.8669,137.7896,138.7807,1602.4921
1598572800,138.7807,139.5109,138.6383,139.3685,1601.4353
1598659200,139.3685,140.6329,139.0988,140.3632,1637.1321
1598745600,140.3632,140.5598,140.2806,140.4772,1635.2483
1598832000,140.4772,141.3712,140.4008,141.2948,1621.0392
1598918400,141.2948,143.3589,141.2382,143.3023,1635.0521
1599004800,143.3023,143.3466,142.7410,142.7853,1598.7299
1599091200,142.7853,143.7382,142.6139,143.5668,1613.8162
1599177600,143.5668,145.7412,143.1615,145.3358,1630.9820
1599264000,145.3358,146.5821,145.1870,146.4333,1606.9647
1599350400,146.4333,146.5741,145.5378,145.6786,1631.7085
1599436800,145.6786,147.0984,145.2609,146.6807,1619.3010
1599523200,146.6807,147.8226,146.5073,147.6492,1631.6054
1599609600,147.6492,149.0262,147.4844,148.8614,1617.3261
1599696000,148.8614,148.8976,148.5605,148.5967,1612.4873
1599782400,148.5967,149.7770,148.3964,149.5766,1605.0515
1599868800,149.5766,150.3778,149.5325,150.3778,1604.5111
1599955200,150.3778,150.3778,149.8193,150.0049,1478.8090
1600041600,150.0049,150.0151,149.1732,149.1835,1447.1799
1600128000,149.1835,149.3723,148.5524,148.7412,1445.5335
1600214400,148.7412,148.9169,147.5893,147.7649,1450.0490
1600300800,147.7649,147.9288,147.4808,147.6447,1450.0018
1600387200,147.6447,147.7452,147.0045,147.1050,1482.3898
1600473600,147.1050,147.1449,146.7152,146.7550,1461.1598
1600560000,146.7550,146.8716,145.8255,145.9421,1490.7539
1600646400,145.9421,145.9445,145.7798,145.7823,1448.0950
1600732800,145.7823,145.9086,145.3213,145.4476,1473.9114
1600819200,145.4476,145.6339,144.4232,144.6095,1463.6709
1600905600,144.6095,144.6117,144.1485,144.1507,1460.8803
1600992000,144.1507,144.1886,143.4758,143.5137,1484.9886
1601078400,143.5137,143.7326,142.7463,142.9651,1490.0142
1601164800,142.9651,143.2466,141.8944,142.1759,1484.8774
1601251200,142.1759,142.2993,141.8966,142.0201,1450.8495
1601337600,142.0201,142.0832,141.2785,141.3416,1452.2743
1601424000,141.3416,141.7847,141.1576,141.6007,1474.0381
1601510400,141.6007,141.6180,140.8668,140.8841,1455.6886
1601596800,140.8841,141.0871,139.7241,139.9271,1477.9707
1601683200,139.9271,140.3376,138.5735,138.9840,1469.5555
1601769600,138.9840,139.2534,138.0594,138.3288,1468.7799
1601856000,138.3288,138.7947,138.1627,138.6286,1482.6618
1601942400,138.6286,138.8916,137.5019,137.7649,1476.7611
1602028800,137.7649,137.8157,137.2628,137.3137,1442.5633
1602115200,137.3137,137.4518,135.8452,135.9833,1443.7074
1602201600,135.9833,136.6209,135.7780,136.4157,1471.3124
1602288000,136.4157,136.6172,135.5524,135.5524,1465.5440
1602374400,135.5524,135.7548,135.5524,135.6742,1447.7069
1602460800,135.6742,136.4364,135.6637,136.4259,1455.6304
1602547200,136.4259,137.3110,136.3271,137.2122,1472.5931
1602633600,137.2122,137.6916,137.1784,137.6578,1476.0282
1602720000,137.6578,138.1054,137.6077,138.0554,1462.7588
1602806400,138.0554,138.6734,138.0269,138.6449,1453.9661
1602892800,138.6449,139.2531,138.5049,139.1131,1448.2325
1602979200,139.1131,139.9256,138.9678,139.7804,1460.7935
1603065600,139.7804,141.0684,139.4888,140.7768,1450.4351
1603152000,140.7768,141.1813,139.4402,139.8447,1462.9024
1603238400,139.8447,141.3854,139.6644,141.2051,1468.5302
1603324800,141.2051,142.0893,140.9913,141.8755,1438.0016
1603411200,141.8755,142.6239,141.6918,142.4402,1434.7510
1603497600,142.4402,143.0562,142.1054,142.7214,1445.3115
1603584000,142.7214,142.7623,142.7036,142.7445,1479.4232
1603670400,142.7445,144.1842,142.5769,144.0166,1467.0122
1603756800,144.0166,145.3656,143.6931,145.0420,1443.2956
1603843200,145.0420,145.1350,144.2967,144.3896,1479.2108
1603929600,144.3896,145.8413,144.3227,145.7744,1458.1954
1604016000,145.7744,146.0276,145.6137,145.8668,1458.5022
1604102400,145.8668,146.4867,145.8648,146.4847,1481.4747
1604188800,146.4847,146.7032,146.4308,146.6493,1437.6720
1604275200,146.6493,147.6123,146.4666,147.4296,1445.4565
1604361600,147.4296,148.9084,147.0608,148.5397,1463.9862
1604448000,148.5397,149.1244,148.2183,148.8030,1444.4719
1604534400,148.8030,149.6365,148.5986,149.6365,1468.6740
1604620800,149.6365,149.6366,149.4707,149.6366,1445.4022
1604707200,149.6366,149.6366,149.1112,149.2651,1446.1923
1604793600,149.2651,149.3803,149.0903,149.2054,1451.5837
1604880000,149.2054,149.2851,148.1265,148.2062,1462.3711
1604966400,148.2062,148.4311,147.5918,147.8167,1450.0413
1605052800,147.8167,147.9311,146.7680,146.8824,1447.9690
1605139200,146.8824,147.0156,146.3504,146.4836,1484.2485
1605225600,146.4836,146.5983,145.5645,145.6791,1457.2543
1605312000,145.6791,145.8183,145.6178,145.7570,1459.2724
1605398400,145.7570,146.0780,144.1260,144.4470,1443.9979
1605484800,144.4470,144.6384,144.4320,144.6234,1459.1029
1605571200,144.6234,144.7235,143.6435,143.7436,1454.4748
1605657600,143.7436,143.9740,143.4741,143.7044,1471.7587
1605744000,143.7044,144.0072,142.7209,143.0236,1451.5039
1605830400,143.0236,143.3348,142.5680,142.8793,1485.6527
1605916800,142.8793,143.1239,141.7128,141.9574,1487.7178
1606003200,141.9574,142.0034,140.5530,140.5989,1446.2260
1606089600,140.5989,140.8544,140.3558,140.6113,1446.6046
1606176000,140.6113,140.6134,139.6818,139.6840,1447.0008
1606262400,139.6840,139.7205,139.3533,139.3898,1472.2129
1606348800,139.3898,139.7878,139.1930,139.5910,1447.3329
1606435200,139.5910,139.6624,138.6755,138.7470,1483.8535
1606521600,138.7470,138.7578,137.7255,137.7364,1478.9480
1606608000,137.7364,137.9708,136.8591,137.0936,1482.2249
1606694400,137.0936,137.1028,136.9316,136.9408,1467.5375
1606780800,136.9408,136.9552,135.9472,135.9616,1491.0683
1606867200,135.9616,136.2851,135.3049,135.6284,1443.4432
1606953600,135.6284,135.7894,135.2919,135.4529,1461.2977
1607040000,135.4529,135.4549,134.8111,134.8111,1457.4313
1607126400,134.8111,135.7359,134.8111,135.6912,1598.1975
1607212800,135.6912,135.6991,135.3001,135.3081,1579.6083
1607299200,135.3081,136.9399,135.2715,136.9034,1591.0748
1607385600,136.9034,137.6755,136.7086,137.4807,1559.2823
1607472000,137.4807,138.2919,137.4535,138.2647,1599.6969
1607558400,138.2647,139.4927,138.1304,139.3584,1575.6972
1607644800,139.3584,139.5835,138.4697,138.6947,1575.4488
1607731200,138.6947,139.9777,138.6027,139.8856,1599.3095
1607817600,139.8856,141.0425,139.8152,140.9721,1569.8018
1607904000,140.9721,141.2937,140.5293,140.8509,1570.6415
1607990400,140.8509,142.6346,140.8288,142.6125,1580.0029
1608076800,142.6125,143.0539,142.4333,142.8747,1557.1679
1608163200,142.8747,143.8985,142.6841,143.7078,1566.8195
1608249600,143.7078,144.0430,143.5231,143.8584,1560.4256
1608336000,143.8584,145.0248,143.8514,145.0178,1555.9294
1608422400,145.0178,145.3858,144.8657,145.3858,1594.0725
1608508800,145.3858,145.3858,144.5484,144.7435,1634.5739
1608595200,144.7435,144.8055,143.9559,144.0179,1623.0410
1608681600,144.0179,144.0862,143.2364,143.3047,1625.5409
1608768000,143.3047,143.5364,141.9387,142.1705,1626.6833
1608854400,142.1705,142.3685,141.5040,141.7020,1636.7648
1608940800,141.7020,141.7258,140.9503,140.9741,1651.4459
1609027200,140.9741,141.1981,140.2169,140.4409,1651.7464
1609113600,140.4409,140.4983,139.8792,139.9367,1624.6820
1609200000,139.9367,139.9758,138.8506,138.8506,1621.5705
1609286400,138.8506,139.5264,138.8506,139.4900,1592.8807
1609372800,139.4900,140.8567,139.3860,140.7527,1598.7251
1609459200,140.7527,140.7982,140.5906,140.6361,1593.4193
1609545600,140.6361,141.3829,140.5454,141.2922,1603.2661
1609632000,141.2922,142.4585,141.1791,142.3454,1598.0484
1609718400,142.3454,143.3170,142.2894,143.2610,1586.3642
1609804800,143.2610,143.7178,143.1886,143.6455,1587.6149
1609891200,143.6455,144.8481,143.6015,144.8042,1589.2580
1609977600,144.8042,145.3678,144.7550,145.3186,1575.0604
1610064000,145.3186,146.2027,145.1135,145.9976,1578.6315
1610150400,145.9976,146.6651,145.9110,146.5784,1606.4841
1610236800,146.5784,148.1601,146.3196,147.9013,1589.7832
1610323200,147.9013,148.1105,147.4647,147.6739,1581.0553
1610409600,147.6739,148.0919,147.2929,147.7109,1598.4620
1610496000,147.7109,150.0292,147.3757,149.6941,1608.1054
1610582400,149.6941,149.6993,149.6309,149.6361,1583.1995
1610668800,149.6361,150.5297,149.6306,150.5242,1611.6679
1610755200,150.5242,151.6623,150.5030,151.6411,1616.7036
1610841600,151.6411,151.8597,151.0587,151.2773,1600.1981
1610928000,151.2773,152.5690,150.7962,152.0879,1603.7758
1611014400,152.0879,152.7177,152.0166,152.6464,1572.9572
1611100800,152.6464,153.9025,152.3654,153.6214,1617.6044
1611187200,153.6214,154.9529,153.4184,154.7499,1589.9526
1611273600,154.7499,155.5331,154.6816,155.4648,1616.5234
1611360000,155.4648,155.9605,155.3293,155.9605,1599.2773
1611446400,155.9605,155.9605,154.8824,155.0434,1340.6038
1611532800,155.0434,155.1022,154.2532,154.3119,1342.3000
1611619200,154.3119,155.0116,154.0550,154.7547,1374.3938
1611705600,154.7547,155.0854,153.8261,154.1568,1368.5063
1611792000,154.1568,154.2173,154.0231,154.0836,1341.6995
1611878400,154.0836,154.4265,153.4196,153.7625,1377.5459
1611964800,153.7625,153.7689,153.1447,153.1511,1382.9802
1612051200,153.1511,153.4668,152.6509,152.9665,1365.1938
1612137600,152.9665,152.9833,152.3502,152.3670,1363.6608
1612224000,152.3670,152.3905,152.0432,152.0668,1340.6466
1612310400,152.0668,152.1326,151.1481,151.2139,1379.7054
1612396800,151.2139,151.7861,150.4222,150.9944,1356.9087
1612483200,150.9944,151.1477,150.5683,150.7215,1384.3111
1612569600,150.7215,150.8488,150.4103,150.5376,1359.0259
1612656000,150.5376,150.7120,149.5176,149.6920,1368.6268
1612742400,149.6920,149.7571,149.4253,149.4253,1353.8900
1612828800,149.4253,150.0787,149.4253,149.9905,1558.7946
1612915200,149.9905,150.8684,149.8270,150.7048,1589.5106
1613001600,150.7048,151.7123,150.6992,151.7067,1575.5947
1613088000,151.7067,151.7568,151.3013,151.3515,1577.5896
1613174400,151.3515,152.2657,151.3490,152.2632,1599.0360
1613260800,152.2632,152.9178,152.2026,152.8572,1598.9442
1613347200,152.8572,153.2881,152.7807,153.2116,1593.5473
1613433600,153.2116,154.8171,152.8630,154.4685,1560.1457
1613520000,154.4685,155.7634,154.3485,155.6434,1580.4789
1613606400,155.6434,156.1087,155.4666,155.9319,1594.6726
1613692800,155.9319,157.0262,155.6723,156.7666,1569.4884
1613779200,156.7666,157.7590,156.7561,157.7484,1555.8205
1613865600,157.7484,158.5103,157.7333,158.4952,1591.3134
1613952000,158.4952,158.7781,158.3704,158.6533,1574.8534
1614038400,158.6533,159.9760,158.5037,159.8264,1578.9849
1614124800,159.8264,160.0000,159.5848,160.0000,1599.8724
1614211200,160.0000,160.0000,159.5830,159.6562,1065.6095
1614297600,159.6562,159.8067,159.5510,159.7014,1056.4979
1614384000,159.7014,159.7098,159.3317,159.3401,1053.7482
1614470400,159.3401,159.5613,159.2899,159.5111,1056.1299
1614556800,159.5111,159.8410,159.3297,159.6596,1041.1689
1614643200,159.6596,159.9999,159.5292,159.9999,1074.9865
1614729600,159.9999,159.9999,159.9886,159.9999,1077.1348
1614816000,159.9999,159.9999,158.8235,159.1640,1049.4688
1614902400,159.1640,159.9999,158.8115,159.7607,1050.4388
1614988800,159.7607,159.7629,159.2002,159.2024,1078.9657
1615075200,159.2024,159.7454,159.1626,159.7056,1036.4475
1615161600,159.7056,159.7242,159.4266,159.4452,1061.2718
1615248000,159.4452,159.4503,158.7860,158.7910,1058.4328
1615334400,158.7910,159.7826,158.7504,159.7420,1069.7553
1615420800,159.7420,159.9126,158.9771,159.1477,1043.4186
1615507200,159.1477,159.3477,158.9310,159.1310,1068.6655
1615593600,159.1310,159.3420,158.6849,158.8958,1054.0857
1615680000,158.8958,159.1999,158.6990,159.0031,1066.1847
1615766400,159.0031,159.4024,158.9511,159.3504,1037.2537
1615852800,159.3504,159.5745,158.8618,159.0859,1058.3353
1615939200,159.0859,159.3077,159.0083,159.2300,1061.3615
1616025600,159.2300,159.6804,158.7494,159.1997,1045.9653
1616112000,159.1997,159.8093,158.8930,159.5026,1042.2302
1616198400,159.5026,159.6525,158.7115,158.8614,1044.6727
1616284800,158.8614,158.9618,158.3105,158.4109,1052.4560
