Datum;Eröffnung;Hoch;Tief;Schlusskurs;Volumen
01.01.2020;5800,00;5800,00;5799,39;5800,00;1028,20
02.01.2020;5800,00;5800,00;5735,29;5737,63;4561,76
03.01.2020;5737,63;5740,23;5669,52;5672,12;4558,83
04.01.2020;5672,12;5673,55;5605,02;5606,45;4574,76
05.01.2020;5606,45;5606,79;5544,23;5544,57;4532,73
06.01.2020;5544,57;5544,96;5482,76;5482,76;4565,54
07.01.2020;5482,76;5550,13;5482,76;5548,33;4651,20
08.01.2020;5548,33;5621,41;5545,21;5618,29;4669,81
09.01.2020;5618,29;5678,81;5616,88;5678,81;4675,23
10.01.2020;5678,81;5678,81;5602,94;5603,25;5123,37
11.01.2020;5603,25;5603,96;5533,22;5533,92;5087,08
12.01.2020;5533,92;5534,60;5459,44;5460,12;5096,42
13.01.2020;5460,12;5461,97;5384,03;5385,88;5120,91
14.01.2020;5385,88;5386,26;5308,45;5308,82;5121,06
15.01.2020;5308,82;5311,01;5236,56;5238,74;5092,42
16.01.2020;5238,74;5240,42;5165,52;5165,52;5120,78
17.01.2020;5165,52;5201,34;5165,52;5199,89;3198,68
18.01.2020;5199,89;5243,13;5199,06;5242,29;3197,12
19.01.2020;5242,29;5279,73;5238,87;5276,31;3216,22
20.01.2020;5276,31;5320,15;5273,88;5317,72;3201,95
21.01.2020;5317,72;5361,57;5316,64;5361,57;3200,80
22.01.2020;5361,57;5361,57;5294,86;5297,28;4544,20
23.01.2020;5297,28;5297,97;5229,42;5230,11;4546,54
24.01.2020;5230,11;5230,65;5171,67;5172,21;4531,89
25.01.2020;5172,21;5174,23;5106,32;5108,34;4527,95
26.01.2020;5108,34;5112,91;5044,33;5044,33;4562,60
27.01.2020;5044,33;5087,48;5044,33;5087,16;3910,96
28.01.2020;5087,16;5149,03;5084,30;5146,17;3916,33
29.01.2020;5146,17;5200,99;5145,01;5199,83;3922,85
30.01.2020;5199,83;5252,59;5199,53;5252,30;3894,24
31.01.2020;5252,30;5301,28;5249,29;5298,27;3894,42
01.02.2020;5298,27;5355,67;5297,58;5355,67;3896,63
02.02.2020;5355,67;5355,67;5311,46;5313,23;3177,24
03.02.2020;5313,23;5315,48;5272,67;5274,92;3200,08
04.02.2020;5274,92;5276,85;5240,81;5242,74;3180,76
05.02.2020;5242,74;5243,34;5200,00;5200,00;3178,21
06.02.2020;5200,00;5253,65;5200,00;5251,77;3914,55
07.02.2020;5251,77;5307,87;5250,87;5306,96;3892,06
08.02.2020;5306,96;5354,39;5306,14;5353,57;3888,05
09.02.2020;5353,57;5407,24;5353,48;5407,15;3917,59
10.02.2020;5407,15;5460,81;5406,19;5459,84;3920,55
11.02.2020;5459,84;5511,34;5458,35;5511,34;3897,55
12.02.2020;5511,34;5511,34;5433,05;5433,60;5105,58
13.02.2020;5433,60;5435,45;5363,10;5364,95;5075,48
14.02.2020;5364,95;5367,27;5293,92;5296,24;5093,99
15.02.2020;5296,24;5296,33;5212,37;5212,45;5102,67
16.02.2020;5212,45;5214,04;5146,20;5147,79;5086,45
17.02.2020;5147,79;5150,54;5069,04;5071,80;5091,19
18.02.2020;5071,80;5071,80;4998,04;4998,04;5104,25
19.02.2020;4998,04;5069,85;4998,04;5068,68;4554,12
20.02.2020;5068,68;5129,43;5066,93;5127,67;4532,34
21.02.2020;5127,67;5185,59;5126,13;5184,05;4559,96
22.02.2020;5184,05;5253,01;5183,12;5252,08;4528,63
23.02.2020;5252,08;5315,26;5249,38;5315,26;4573,12
24.02.2020;5315,26;5315,26;5237,67;5239,08;5204,62
25.02.2020;5239,08;5239,77;5166,02;5166,71;5207,18
26.02.2020;5166,71;5167,12;5088,10;5088,51;5204,52
27.02.2020;5088,51;5089,87;5014,30;5015,65;5244,08
28.02.2020;5015,65;5016,71;4941,87;4942,93;5208,84
29.02.2020;4942,93;4943,21;4859,54;4859,82;5224,77
01.03.2020;4859,82;4860,90;4786,39;4787,48;5244,04
02.03.2020;4787,48;4787,56;4709,49;4709,58;5242,01
03.03.2020;4709,58;4711,53;4634,25;4636,20;5196,62
04.03.2020;4636,20;4636,39;4555,79;4555,97;5220,57
05.03.2020;4555,97;4556,06;4484,74;4484,74;5224,57
06.03.2020;4484,74;4525,41;4484,74;4523,69;3238,01
07.03.2020;4523,69;4568,91;4522,06;4567,28;3219,69
08.03.2020;4567,28;4607,89;4567,21;4607,82;3219,29
09.03.2020;4607,82;4641,69;4604,72;4638,59;3203,11
10.03.2020;4638,59;4681,32;4637,41;4680,14;3204,66
11.03.2020;4680,14;4726,93;4678,20;4724,99;3230,40
12.03.2020;4724,99;4758,39;4721,73;4755,14;3206,69
13.03.2020;4755,14;4801,96;4755,03;4801,96;3213,02
14.03.2020;4801,96;4801,96;4726,29;4728,28;5090,44
15.03.2020;4728,28;4731,03;4657,09;4659,83;5077,30
16.03.2020;4659,83;4661,79;4582,50;4584,46;5075,32
17.03.2020;4584,46;4585,80;4506,13;4507,47;5120,12
18.03.2020;4507,47;4509,50;4431,96;4433,99;5095,53
19.03.2020;4433,99;4434,68;4360,41;4361,09;5084,02
20.03.2020;4361,09;4362,55;4288,66;4288,66;5109,20
21.03.2020;4288,66;4337,84;4288,66;4336,54;3745,93
22.03.2020;4336,54;4387,46;4335,49;4386,41;3757,71
23.03.2020;4386,41;4439,55;4385,05;4438,19;3793,50
24.03.2020;4438,19;4486,68;4437,41;4485,90;3790,34
25.03.2020;4485,90;4536,79;4484,15;4535,05;3777,25
26.03.2020;4535,05;4583,35;4532,86;4581,16;3750,12
27.03.2020;4581,16;4637,86;4577,86;4634,55;3761,36
28.03.2020;4634,55;4685,76;4631,20;4682,41;3746,86
29.03.2020;4682,41;4733,43;4681,84;4733,43;3756,42
30.03.2020;4733,43;4733,43;4682,53;4682,96;3935,48
31.03.2020;4682,96;4683,02;4627,65;4627,71;3940,52
01.04.2020;4627,71;4628,00;4577,10;4577,39;3965,87
02.04.2020;4577,39;4577,48;4520,85;4520,94;3939,23
03.04.2020;4520,94;4524,38;4469,70;4473,14;3942,00
04.04.2020;4473,14;4475,01;4414,65;4416,52;3979,35
05.04.2020;4416,52;4419,32;4363,02;4365,82;3950,98
06.04.2020;4365,82;4367,64;4310,90;4310,90;3950,86
07.04.2020;4310,90;4363,97;4310,90;4361,57;3749,79
08.04.2020;4361,57;4405,01;4360,22;4403,66;3785,26
09.04.2020;4403,66;4453,31;4402,19;4451,83;3779,28
10.04.2020;4451,83;4509,21;4450,10;4507,48;3772,82
11.04.2020;4507,48;4557,26;4504,98;4554,75;3776,35
12.04.2020;4554,75;4608,64;4554,12;4608,00;3750,48
13.04.2020;4608,00;4667,42;4605,50;4664,91;3758,47
14.04.2020;4664,91;4708,33;4659,84;4703,26;3774,64
15.04.2020;4703,26;4755,67;4702,31;4755,67;3793,07
16.04.2020;4755,67;4755,67;4691,02;4692,96;4565,75
17.04.2020;4692,96;4694,83;4628,67;4630,55;4556,93
18.04.2020;4630,55;4632,49;4562,75;4564,69;4550,84
19.04.2020;4564,69;4565,20;4500,62;4501,13;4525,65
20.04.2020;4501,13;4503,84;4438,43;4438,43;4569,43
21.04.2020;4438,43;4507,41;4438,43;4505,65;4633,99
22.04.2020;4505,65;4567,90;4503,16;4565,41;4637,10
23.04.2020;4565,41;4634,48;4563,93;4634,48;4665,30
24.04.2020;4634,48;4634,48;4560,56;4561,28;5114,38
25.04.2020;4561,28;4562,85;4482,46;4484,03;5113,10
26.04.2020;4484,03;4487,44;4412,02;4415,43;5096,39
27.04.2020;4415,43;4416,14;4337,37;4338,08;5082,63
28.04.2020;4338,08;4338,14;4271,29;4271,34;5075,54
29.04.2020;4271,34;4271,49;4195,06;4195,21;5116,34
30.04.2020;4195,21;4195,38;4121,19;4121,19;5122,66
01.05.2020;4121,19;4160,29;4121,19;4158,27;3190,59
02.05.2020;4158,27;4199,30;4158,15;4199,18;3221,69
03.05.2020;4199,18;4231,70;4199,11;4231,63;3198,51
04.05.2020;4231,63;4276,28;4229,30;4273,96;3193,95
05.05.2020;4273,96;4317,24;4270,60;4317,24;3203,64
06.05.2020;4317,24;4317,24;4245,88;4246,13;4525,31
07.05.2020;4246,13;4247,51;4192,01;4193,39;4547,03
08.05.2020;4193,39;4193,51;4120,49;4120,61;4534,88
09.05.2020;4120,61;4121,70;4065,08;4066,17;4560,52
10.05.2020;4066,17;4067,51;4000,00;4000,00;4550,03
11.05.2020;4000,00;4015,50;4000,00;4015,40;1743,13
12.05.2020;4015,40;4027,54;4013,52;4025,66;1744,52
13.05.2020;4025,66;4033,34;4024,57;4032,25;1715,53
14.05.2020;4032,25;4055,06;4032,06;4054,87;1713,71
15.05.2020;4054,87;4068,61;4054,42;4068,16;1746,65
16.05.2020;4068,16;4075,66;4067,83;4075,33;1724,89
17.05.2020;4075,33;4088,48;4074,02;4087,18;1704,52
18.05.2020;4087,18;4101,89;4085,47;4100,18;1701,99
19.05.2020;4100,18;4110,27;4099,75;4109,84;1749,21
20.05.2020;4109,84;4130,89;4108,85;4129,90;1728,65
21.05.2020;4129,90;4137,01;4129,48;4136,58;1702,42
22.05.2020;4136,58;4150,96;4136,58;4150,95;1725,25
23.05.2020;4150,95;4163,32;4148,50;4160,87;1724,90
24.05.2020;4160,87;4174,19;4160,75;4174,07;1721,46
25.05.2020;4174,07;4186,73;4171,65;4184,32;1747,26
26.05.2020;4184,32;4207,15;4183,21;4206,04;1747,13
27.05.2020;4206,04;4214,08;4205,51;4213,55;1705,94
28.05.2020;4213,55;4233,91;4209,82;4230,18;1707,28
29.05.2020;4230,18;4239,51;4230,01;4239,34;1720,07
30.05.2020;4239,34;4251,89;4239,07;4251,89;1741,39
31.05.2020;4251,89;4251,89;4236,28;4236,56;1817,39
01.06.2020;4236,56;4237,33;4220,81;4221,57;1822,69
02.06.2020;4221,57;4222,24;4208,79;4209,46;1815,00
03.06.2020;4209,46;4211,22;4192,17;4193,93;1796,70
04.06.2020;4193,93;4194,42;4179,57;4180,05;1827,09
05.06.2020;4180,05;4181,05;4161,02;4162,02;1786,90
06.06.2020;4162,02;4162,18;4149,76;4149,92;1821,12
07.06.2020;4149,92;4152,09;4142,46;4144,63;1795,92
08.06.2020;4144,63;4145,06;4121,68;4122,11;1809,75
09.06.2020;4122,11;4122,37;4106,32;4106,58;1834,96
10.06.2020;4106,58;4106,83;4096,22;4096,22;1813,15
11.06.2020;4096,22;4115,66;4096,22;4114,87;1757,58
12.06.2020;4114,87;4119,15;4113,88;4118,16;1776,17
13.06.2020;4118,16;4139,22;4115,16;4136,23;1787,75
14.06.2020;4136,23;4149,12;4135,40;4148,29;1757,57
15.06.2020;4148,29;4158,25;4147,85;4157,81;1767,37
16.06.2020;4157,81;4180,89;4157,30;4180,38;1755,65
17.06.2020;4180,38;4191,92;4179,69;4191,23;1781,74
18.06.2020;4191,23;4206,34;4190,06;4205,16;1773,81
19.06.2020;4205,16;4216,25;4204,69;4215,78;1779,92
20.06.2020;4215,78;4234,86;4214,63;4233,71;1769,53
21.06.2020;4233,71;4244,49;4232,94;4243,72;1787,57
22.06.2020;4243,72;4259,10;4243,35;4258,73;1763,39
23.06.2020;4258,73;4271,57;4256,00;4268,84;1800,07
24.06.2020;4268,84;4283,01;4267,87;4282,04;1802,74
25.06.2020;4282,04;4306,91;4279,93;4304,81;1779,38
26.06.2020;4304,81;4313,58;4302,99;4311,76;1778,00
27.06.2020;4311,76;4328,64;4311,34;4328,22;1797,72
28.06.2020;4328,22;4343,44;4325,42;4340,63;1769,23
29.06.2020;4340,63;4354,45;4338,94;4352,75;1794,89
30.06.2020;4352,75;4366,36;4352,49;4366,10;1769,10
01.07.2020;4366,10;4388,34;4361,54;4383,78;1790,73
02.07.2020;4383,78;4394,69;4383,10;4394,01;1771,44
03.07.2020;4394,01;4410,82;4391,32;4408,14;1784,86
04.07.2020;4408,14;4424,68;4405,80;4422,35;1801,03
05.07.2020;4422,35;4441,23;4421,20;4440,09;1757,45
06.07.2020;4440,09;4454,18;4437,80;4451,89;1795,10
07.07.2020;4451,89;4465,07;4451,22;4464,40;1781,83
08.07.2020;4464,40;4475,07;4463,91;4474,58;1773,69
09.07.2020;4474,58;4488,36;4471,43;4485,22;1772,25
10.07.2020;4485,22;4503,78;4482,35;4503,78;1758,21
11.07.2020;4503,78;4503,78;4498,88;4499,06;1468,09
12.07.2020;4499,06;4499,50;4486,45;4486,89;1486,32
13.07.2020;4486,89;4489,16;4478,88;4481,15;1460,05
14.07.2020;4481,15;4482,40;4472,57;4473,82;1488,64
15.07.2020;4473,82;4474,59;4465,04;4465,81;1503,28
16.07.2020;4465,81;4466,52;4457,22;4457,94;1504,21
17.07.2020;4457,94;4458,14;4444,59;4444,79;1499,63
18.07.2020;4444,79;4446,58;4441,90;4443,69;1495,50
19.07.2020;4443,69;4445,08;4424,16;4425,55;1464,07
20.07.2020;4425,55;4425,65;4424,85;4424,95;1503,68
21.07.2020;4424,95;4426,27;4414,12;4415,43;1465,30
22.07.2020;4415,43;4416,48;4407,56;4408,61;1498,62
23.07.2020;4408,61;4410,53;4402,11;4404,03;1499,06
24.07.2020;4404,03;4404,75;4393,71;4394,42;1486,26
25.07.2020;4394,42;4394,98;4376,20;4376,76;1481,23
26.07.2020;4376,76;4377,41;4365,96;4366,61;1465,19
27.07.2020;4366,61;4369,24;4364,81;4367,44;1481,14
28.07.2020;4367,44;4370,39;4349,70;4352,65;1469,70
29.07.2020;4352,65;4353,70;4348,11;4348,11;1461,46
30.07.2020;4348,11;4363,83;4348,11;4363,73;1706,10
31.07.2020;4363,73;4367,94;4363,17;4367,38;1739,75
01.08.2020;4367,38;4381,35;4364,33;4378,30;1745,81
02.08.2020;4378,30;4400,08;4377,64;4399,42;1706,79
03.08.2020;4399,42;4412,32;4398,34;4411,24;1700,36
04.08.2020;4411,24;4424,35;4409,69;4422,79;1712,87
05.08.2020;4422,79;4440,47;4418,73;4436,41;1706,41
06.08.2020;4436,41;4446,37;4435,81;4445,77;1709,12
07.08.2020;4445,77;4457,63;4444,15;4456,01;1728,86
08.08.2020;4456,01;4474,14;4455,33;4473,46;1720,81
09.08.2020;4473,46;4484,23;4472,37;4483,15;1721,15
10.08.2020;4483,15;4493,35;4483,12;4493,33;1709,97
11.08.2020;4493,33;4515,02;4491,97;4513,66;1732,92
12.08.2020;4513,66;4529,18;4508,69;4524,21;1714,17
13.08.2020;4524,21;4538,72;4523,99;4538,49;1719,65
14.08.2020;4538,49;4547,04;4537,51;4546,06;1722,86
15.08.2020;4546,06;4561,08;4544,83;4559,85;1744,91
16.08.2020;4559,85;4574,28;4556,79;4571,21;1712,01
17.08.2020;4571,21;4586,26;4569,17;4584,21;1735,63
18.08.2020;4584,21;4600,00;4583,65;4600,00;1715,16
19.08.2020;4600,00;4600,00;4587,94;4588,49;1527,81
20.08.2020;4588,49;4589,90;4582,47;4583,89;1502,80
21.08.2020;4583,89;4584,86;4574,17;4575,14;1508,35
22.08.2020;4575,14;4575,21;4572,44;4572,51;1526,95
23.08.2020;4572,51;4574,14;4549,88;4551,51;1516,73
24.08.2020;4551,51;4555,03;4547,50;4551,02;1487,81
25.08.2020;4551,02;4551,31;4538,52;4538,81;1489,93
26.08.2020;4538,81;4538,90;4530,30;4530,38;1532,63
27.08.2020;4530,38;4530,74;4516,16;4516,52;1484,55
28.08.2020;4516,52;4518,94;4508,97;4511,39;1498,14
29.08.2020;4511,39;4511,44;4506,97;4507,02;1531,04
30.08.2020;4507,02;4509,67;4492,71;4495,36;1483,85
31.08.2020;4495,36;4497,10;4485,51;4487,25;1491,16
01.09.2020;4487,25;4487,58;4476,88;4477,21;1493,76
02.09.2020;4477,21;4477,57;4473,36;4473,72;1487,41
03.09.2020;4473,72;4475,14;4459,38;4460,79;1506,69
04.09.2020;4460,79;4462,67;4442,37;4444,25;1512,71
05.09.2020;4444,25;4446,97;4438,27;4440,99;1499,01
06.09.2020;4440,99;4442,63;4426,05;4427,69;1488,52
07.09.2020;4427,69;4428,30;4413,78;4414,38;1523,64
08.09.2020;4414,38;4416,67;4413,20;4415,48;1523,32
09.09.2020;4415,48;4418,22;4410,76;4413,50;1511,20
10.09.2020;4413,50;4415,37;4400,00;4400,00;1489,98
11.09.2020;4400,00;4403,81;4400,00;4402,92;1423,92
12.09.2020;4402,92;4411,79;4402,03;4410,90;1428,30
13.09.2020;4410,90;4426,35;4410,04;4425,50;1418,24
14.09.2020;4425,50;4430,99;4423,65;4429,14;1440,02
15.09.2020;4429,14;4436,32;4428,71;4435,89;1416,33
16.09.2020;4435,89;4444,64;4433,91;4442,66;1422,37
17.09.2020;4442,66;4451,78;4441,02;4450,14;1402,53
18.09.2020;4450,14;4461,58;4448,60;4460,04;1425,00
19.09.2020;4460,04;4466,64;4459,67;4466,27;1435,15
20.09.2020;4466,27;4473,47;4465,01;4472,21;1433,39
21.09.2020;4472,21;4476,03;4470,99;4474,82;1409,67
22.09.2020;4474,82;4488,02;4474,35;4487,55;1446,42
23.09.2020;4487,55;4492,06;4485,89;4490,39;1432,82
24.09.2020;4490,39;4500,00;4490,26;4500,00;1418,01
25.09.2020;4500,00;4500,00;4486,10;4486,73;1503,84
26.09.2020;4486,73;4488,38;4480,46;4482,11;1522,06
27.09.2020;4482,11;4483,25;4472,75;4473,89;1491,88
28.09.2020;4473,89;4474,68;4459,66;4460,45;1515,07
29.09.2020;4460,45;4464,90;4458,27;4462,72;1519,03
30.09.2020;4462,72;4466,75;4449,05;4453,08;1508,91
01.10.2020;4453,08;4456,68;4433,86;4437,46;1526,75
02.10.2020;4437,46;4437,58;4433,10;4433,21;1506,52
03.10.2020;4433,21;4433,61;4422,71;4423,10;1506,34
04.10.2020;4423,10;4425,86;4400,87;4403,63;1497,33
05.10.2020;4403,63;4405,47;4403,41;4405,25;1529,06
06.10.2020;4405,25;4407,01;4393,67;4395,43;1498,91
07.10.2020;4395,43;4395,64;4387,05;4387,26;1517,86
08.10.2020;4387,26;4388,07;4373,57;4374,38;1503,56
09.10.2020;4374,38;4375,88;4367,10;4368,60;1529,86
10.10.2020;4368,60;4371,56;4357,26;4360,23;1530,49
11.10.2020;4360,23;4362,81;4353,86;4356,45;1484,59
12.10.2020;4356,45;4357,65;4343,48;4344,68;1532,82
13.10.2020;4344,68;4346,05;4333,40;4334,76;1513,34
14.10.2020;4334,76;4335,02;4331,34;4331,59;1486,78
15.10.2020;4331,59;4331,97;4315,01;4315,39;1507,94
16.10.2020;4315,39;4316,51;4306,18;4307,29;1485,57
17.10.2020;4307,29;4307,90;4300,00;4300,00;1510,54
18.10.2020;4300,00;4319,14;4300,00;4318,24;1708,96
19.10.2020;4318,24;4330,26;4316,64;4328,66;1718,09
20.10.2020;4328,66;4341,74;4328,01;4341,08;1714,93
21.10.2020;4341,08;4354,63;4339,24;4352,79;1729,80
22.10.2020;4352,79;4365,41;4350,75;4363,37;1740,81
23.10.2020;4363,37;4376,39;4363,32;4376,34;1746,52
24.10.2020;4376,34;4388,58;4375,01;4387,25;1716,14
25.10.2020;4387,25;4400,66;4386,62;4400,02;1728,18
26.10.2020;4400,02;4413,94;4399,62;4413,55;1699,99
27.10.2020;4413,55;4432,65;4412,28;4431,39;1718,30
28.10.2020;4431,39;4443,41;4428,52;4440,54;1747,73
29.10.2020;4440,54;4452,79;4438,67;4450,92;1705,63
30.10.2020;4450,92;4462,32;4450,24;4461,64;1743,18
31.10.2020;4461,64;4478,59;4457,08;4474,04;1732,32
01.11.2020;4474,04;4496,41;4472,32;4494,69;1714,39
02.11.2020;4494,69;4503,54;4494,49;4503,34;1738,60
03.11.2020;4503,34;4515,63;4502,05;4514,35;1714,16
04.11.2020;4514,35;4529,16;4510,65;4525,45;1744,43
05.11.2020;4525,45;4535,72;4525,03;4535,30;1703,83
06.11.2020;4535,30;4551,89;4534,64;4551,89;1705,64
07.11.2020;4551,89;4551,89;4538,70;4540,88;1823,70
08.11.2020;4540,88;4541,77;4521,28;4522,17;1808,66
09.11.2020;4522,17;4523,38;4507,41;4508,62;1793,57
10.11.2020;4508,62;4509,53;4493,57;4494,49;1811,87
11.11.2020;4494,49;4497,95;4478,06;4481,53;1801,05
12.11.2020;4481,53;4484,60;4458,17;4461,24;1813,67
13.11.2020;4461,24;4462,26;4450,96;4451,98;1823,39
14.11.2020;4451,98;4453,21;4434,37;4435,60;1829,04
15.11.2020;4435,60;4439,25;4424,06;4427,71;1789,15
16.11.2020;4427,71;4428,86;4406,45;4407,60;1815,82
17.11.2020;4407,60;4407,95;4396,22;4396,22;1835,38
18.11.2020;4396,22;4416,08;4396,22;4415,29;1777,72
19.11.2020;4415,29;4423,49;4414,07;4422,26;1793,21
20.11.2020;4422,26;4435,43;4421,65;4434,81;1759,60
21.11.2020;4434,81;4454,29;4431,77;4451,25;1798,41
22.11.2020;4451,25;4464,80;4450,59;4464,14;1783,84
23.11.2020;4464,14;4475,49;4462,81;4474,16;1799,15
24.11.2020;4474,16;4493,57;4473,56;4492,98;1794,09
25.11.2020;4492,98;4513,25;4491,89;4512,16;1798,20
26.11.2020;4512,16;4518,17;4511,54;4517,56;1757,60
27.11.2020;4517,56;4535,50;4513,40;4531,34;1790,51
28.11.2020;4531,34;4544,09;4529,15;4541,90;1764,58
29.11.2020;4541,90;4560,85;4541,44;4560,39;1768,03
30.11.2020;4560,39;4570,34;4558,39;4568,34;1770,97
01.12.2020;4568,34;4585,99;4564,78;4582,43;1784,30
02.12.2020;4582,43;4604,65;4582,39;4604,61;1786,13
03.12.2020;4604,61;4613,57;4601,36;4610,33;1801,31
04.12.2020;4610,33;4632,67;4608,72;4631,06;1755,37
05.12.2020;4631,06;4648,42;4628,89;4646,24;1764,41
06.12.2020;4646,24;4656,18;4645,34;4655,27;1772,83
07.12.2020;4655,27;4670,06;4655,13;4669,92;1795,63
08.12.2020;4669,92;4692,14;4666,31;4688,54;1782,23
09.12.2020;4688,54;4695,00;4687,92;4694,39;1780,33
10.12.2020;4694,39;4709,27;4691,67;4706,55;1792,74
11.12.2020;4706,55;4717,93;4706,01;4717,40;1787,49
12.12.2020;4717,40;4736,20;4717,20;4736,00;1769,23
13.12.2020;4736,00;4755,33;4735,44;4754,76;1759,09
14.12.2020;4754,76;4766,61;4754,63;4766,48;1777,85
15.12.2020;4766,48;4774,19;4765,51;4773,22;1798,74
16.12.2020;4773,22;4788,22;4772,11;4787,11;1784,64
17.12.2020;4787,11;4803,78;4784,08;4803,78;1757,40
18.12.2020;4803,78;4803,78;4796,58;4796,64;1477,17
19.12.2020;4796,64;4799,96;4783,33;4786,65;1474,40
20.12.2020;4786,65;4790,22;4776,41;4779,97;1484,29
21.12.2020;4779,97;4782,35;4769,70;4772,07;1484,52
22.12.2020;4772,07;4773,34;4760,47;4761,74;1502,73
23.12.2020;4761,74;4762,96;4753,26;4754,48;1472,07
24.12.2020;4754,48;4757,07;4744,57;4747,17;1475,57
25.12.2020;4747,17;4747,27;4737,83;4737,93;1485,84
26.12.2020;4737,93;4738,06;4731,73;4731,85;1499,49
27.12.2020;4731,85;4732,38;4728,06;4728,58;1490,48
28.12.2020;4728,58;4728,75;4715,62;4715,79;1478,71
29.12.2020;4715,79;4716,57;4704,88;4705,66;1495,90
30.12.2020;4705,66;4705,81;4691,05;4691,20;1479,43
31.12.2020;4691,20;4693,15;4688,52;4690,47;1503,34
01.01.2021;4690,47;4691,15;4673,20;4673,87;1469,29
02.01.2021;4673,87;4677,98;4663,51;4667,62;1461,54
03.01.2021;4667,62;4667,74;4667,45;4667,57;1496,69
04.01.2021;4667,57;4668,00;4658,42;4658,85;1470,03
05.01.2021;4658,85;4659,80;4648,11;4648,11;1497,54
06.01.2021;4648,11;4655,82;4648,11;4654,55;1730,16
07.01.2021;4654,55;4673,97;4652,54;4671,96;1725,14
08.01.2021;4671,96;4683,82;4671,59;4683,45;1704,04
09.01.2021;4683,45;4702,43;4681,80;4700,78;1739,01
10.01.2021;4700,78;4719,70;4700,30;4719,21;1702,99
11.01.2021;4719,21;4724,68;4718,99;4724,46;1747,95
12.01.2021;4724,46;4736,26;4721,66;4733,47;1743,54
13.01.2021;4733,47;4745,87;4732,25;4744,65;1714,84
14.01.2021;4744,65;4761,41;4744,50;4761,26;1706,09
15.01.2021;4761,26;4774,36;4760,32;4773,42;1743,98
16.01.2021;4773,42;4785,19;4770,74;4782,50;1723,68
17.01.2021;4782,50;4803,18;4778,99;4799,66;1705,94
18.01.2021;4799,66;4808,90;4798,46;4807,70;1724,62
19.01.2021;4807,70;4829,39;4806,74;4828,44;1712,03
20.01.2021;4828,44;4842,05;4827,24;4840,85;1720,08
21.01.2021;4840,85;4854,62;4839,76;4853,53;1731,70
22.01.2021;4853,53;4863,02;4851,02;4860,51;1745,46
23.01.2021;4860,51;4879,50;4857,68;4876,66;1739,74
24.01.2021;4876,66;4888,28;4875,31;4886,93;1707,74
25.01.2021;4886,93;4900,00;4886,40;4900,00;1723,56
